{"cameraMode":{"drawMode":0,"name":"Shaded","section":"Shading Mode"},"sceneLighting":true,"audioPlay":false,"sceneViewState":{"m_AlwaysRefresh":false,"showFog":true,"showSkybox":true,"showFlares":true,"showImageEffects":true,"showParticleSystems":true,"showVisualEffectGraphs":true,"m_FxEnabled":true},"in2DMode":false,"pivot":{"x":-3.0988049507141115,"y":5.524460792541504,"z":9.511550903320313},"rotation":{"x":0.16686144471168519,"y":0.8100746273994446,"z":-0.27613818645477297,"w":0.48966464400291445},"size":5.166439056396484,"orthographic":false}