{"cameraMode":{"drawMode":0,"name":"Shaded","section":"Shading Mode"},"sceneLighting":false,"audioPlay":false,"sceneViewState":{"m_AlwaysRefresh":false,"showFog":true,"showSkybox":false,"showFlares":true,"showImageEffects":true,"showParticleSystems":true,"showVisualEffectGraphs":true,"m_FxEnabled":true},"in2DMode":false,"pivot":{"x":0.41999995708465578,"y":1.9644259214401246,"z":4.440000057220459},"rotation":{"x":-0.052001193165779117,"y":0.8990887403488159,"z":-0.11113050580024719,"w":-0.42032432556152346},"size":1.2945961952209473,"orthographic":false}