{"cameraMode":{"drawMode":0,"name":"Shaded","section":"Shading Mode"},"sceneLighting":true,"audioPlay":false,"sceneViewState":{"m_AlwaysRefresh":false,"showFog":true,"showSkybox":true,"showFlares":true,"showImageEffects":true,"showParticleSystems":true,"showVisualEffectGraphs":true,"m_FxEnabled":true},"in2DMode":false,"pivot":{"x":8.848447799682618,"y":34.700523376464847,"z":171.97564697265626},"rotation":{"x":-0.20828771591186524,"y":0.44043856859207156,"z":-0.10582871735095978,"w":-0.8668546676635742},"size":0.8660253882408142,"orthographic":false}