{"cameraMode":{"drawMode":0,"name":"Shaded","section":"Shading Mode"},"sceneLighting":true,"audioPlay":false,"sceneViewState":{"m_AlwaysRefresh":false,"showFog":true,"showSkybox":true,"showFlares":true,"showImageEffects":true,"showParticleSystems":true,"showVisualEffectGraphs":true,"m_FxEnabled":true},"in2DMode":false,"pivot":{"x":2.9825148582458498,"y":0.2755560576915741,"z":29.118688583374025},"rotation":{"x":0.02278716303408146,"y":0.04165741056203842,"z":-0.0009618735057301819,"w":0.9989033937454224},"size":9.9192476272583,"orthographic":false}